<?xml version="1.0"?>
<doc>
    <assembly>
        <name>MahApps.Metro.IconPacks.Material</name>
    </assembly>
    <members>
        <member name="M:MahApps.Metro.IconPacks.Converter.PackIconMaterialKindToImageConverter.GetPathData(System.Object)">
            <inheritdoc />
        </member>
        <member name="T:MahApps.Metro.IconPacks.PackIconMaterial">
            <summary>
            All icons sourced from Material Design Icons Font <see><cref>https://materialdesignicons.com</cref></see>
            In accordance of <see><cref>https://github.com/Templarian/MaterialDesign/blob/master/license.txt</cref></see>.
            </summary>
        </member>
        <member name="P:MahApps.Metro.IconPacks.PackIconMaterial.Kind">
            <summary>
            Gets or sets the icon to display.
            </summary>
        </member>
        <member name="T:MahApps.Metro.IconPacks.PackIconMaterialDataFactory">
            ******************************************
            This code is auto generated. Do not amend.
            ******************************************
        </member>
        <member name="M:MahApps.Metro.IconPacks.MaterialImageExtension.GetPathData(System.Object)">
            <inheritdoc />
        </member>
        <member name="T:MahApps.Metro.IconPacks.PackIconMaterialKind">
            ******************************************
            This code is auto generated. Do not amend.
            ******************************************
            <summary>
            List of available icons for use with <see cref="T:MahApps.Metro.IconPacks.PackIconMaterial" />.
            </summary>
            <remarks>
            All icons sourced from Material Design Icons Font <see><cref>https://materialdesignicons.com</cref></see>
            In accordance of <see><cref>https://github.com/Templarian/MaterialDesign/blob/master/license.txt</cref></see>.
            </remarks>
        </member>
    </members>
</doc>
